W,Re,Im
634.6844866666667,8.772041846949074,0.07097207912403558
635.6844866666667,8.924333474442198,0.10384552384411917
636.6844866666667,9.07799306562948,0.13155204214738356
637.6844866666667,9.232962885316557,0.15707483521290885
638.6844866666667,9.389200272663631,0.1815411121373364
639.6844866666667,9.546670873094047,0.20551897638277294
640.6844866666667,9.705345302701451,0.22934241736403113
641.6844866666667,9.865197330807922,0.2532283715763163
642.6844866666667,10.026202813342666,0.2773281898401703
643.6844866666667,10.188339029941314,0.30175340515861
644.6844866666667,10.351584252761189,0.3265898837280406
645.6844866666667,10.515917455449229,0.35190615612186177
646.6844866666667,10.681318110613342,0.3777585962363556
647.6844866666667,10.847766045236236,0.4041947846089706
648.6844866666667,11.015241335204113,0.4312557725633393
649.6844866666667,11.183724226946175,0.45897765290279186
650.6844866666667,11.353195078300812,0.4873926776476737
651.6844866666667,11.523634313292971,0.5165300709874898
652.6844866666667,11.695022387159026,0.5464166318129917
653.6844866666667,11.867339759038211,0.5770771876787769
654.6844866666667,12.040566870485414,0.6085349417706454
655.6844866666667,12.21468412845732,0.6408117414517376
656.6844866666667,12.389671891780365,0.6739282884204184
657.6844866666667,12.565510460355304,0.7079043047766206
658.6844866666667,12.742180066535374,0.7427586653647671
659.6844866666667,12.919660868247657,0.7785095040226577
660.6844866666667,13.097932943522903,0.8151742994250819
661.6844866666667,13.276976286175602,0.8527699448160562
662.6844866666667,13.456770802429325,0.8913128049067895
663.6844866666667,13.637296308325368,0.9308187624664003
664.6844866666667,13.818532527787273,0.9713032565728557
665.6844866666667,14.000459091236383,1.0127813140691515
666.6844866666667,14.183055534677338,1.0552675754485767
667.6844866666667,14.366301299184606,1.098776316145406
668.6844866666667,14.550175730737125,1.1433214640161224
669.6844866666667,14.73465808035531,1.1889166136463047
670.6844866666667,14.919727504505168,1.2355750380006747
671.6844866666667,15.105363065739684,1.2833096978402592
672.6844866666667,15.291543733552485,1.332133249255998
673.6844866666667,15.478248385425154,1.3820580496085326
674.6844866666667,15.665455808050364,1.4330961621151226
675.6844866666667,15.853144698718712,1.4852593592858145
676.6844866666667,16.041293666857204,1.5385591253785216
677.6844866666667,16.22988123571126,1.5930066580166777
678.6844866666667,16.418885844161967,1.6486128690911266
679.6844866666667,16.60828584867346,1.7053883850502844
680.6844866666667,16.798059525364632,1.7633435466672647
681.6844866666667,16.98818507220229,1.8224884083606796
682.6844866666667,17.17864061131098,1.882832737134746
683.6844866666667,17.369404191398516,1.9443860111961542
684.6844866666667,17.560453790294027,2.0071574182973126
685.6844866666667,17.751767317597146,2.0711558538493833
686.6844866666667,17.943322617436973,2.1363899188432756
687.6844866666667,18.135097471339577,2.202867917612039
688.6844866666667,18.327069601203092,2.270597855464298
689.6844866666667,18.51921667237984,2.339587436215092
690.6844866666667,18.711516296864488,2.409844059637358
691.6844866666667,18.9039460365873,2.4813748188549947
692.6844866666667,19.096483406812872,2.5541864976964264
693.6844866666667,19.289105879642378,2.628285568025226
694.6844866666667,19.48179088761988,2.7036781870634448
695.6844866666667,19.674515827440942,2.7803701947210944
696.6844866666667,19.867258063763714,2.8583671109447395
697.6844866666667,20.059994933120812,2.9376741330964116
698.6844866666667,20.252703747931907,3.018296133373682
699.6844866666667,20.44536180061498,3.1002376562802856
700.6844866666667,20.637946367796086,3.1835029161565656
701.6844866666667,20.830434714615556,3.2680957947777585
702.6844866666667,21.022804099129708,3.3540198390279548
703.6844866666667,21.215031776806654,3.441278258656949
704.6844866666667,21.407095005113685,3.5298739241263535
705.6844866666667,21.59897104819585,3.6198093645516596
706.6844866666667,21.7906371816422,3.7110867657455975
707.6844866666667,21.98207069733928,3.803707968368755
708.6844866666667,22.173248908407757,3.8976744661920786
709.6844866666667,22.364149154221906,3.9929874044766462
710.6844866666667,22.5547488055075,4.089647578474717
711.6844866666667,22.74502526951725,4.1876554320569035
712.6844866666667,22.934955995279086,4.287011056468817
713.6844866666667,23.124518478916315,4.387714189221697
714.6844866666667,23.3136902690352,4.489764213120071
715.6844866666667,23.502448972177298,4.593160155430007
716.6844866666667,23.69077225833331,4.69790068719109
717.6844866666667,23.87863786651441,4.803984122674889
718.6844866666667,24.06602361037885,4.911408418993151
719.6844866666667,24.252907383908315,5.020171175857577
720.6844866666667,24.43926716713133,5.130269635493981
721.6844866666667,24.625081031890417,5.241700682713301
722.6844866666667,24.810327147646344,5.354460845140284
723.6844866666667,24.99498378731959,5.468546293603599
724.6844866666667,25.179029333159995,5.583952842686786
725.6844866666667,25.362442282641418,5.700675951442094
726.6844866666667,25.54520125433737,5.818710724248768
727.6844866666667,25.727284995089768,5.938051912448327
728.6844866666667,25.90867236778579,6.058693908079995
729.6844866666667,26.089342431191323,6.180630774545525
730.6844866666667,26.26693683711822,6.302665861601707
731.6844866666667,26.443228603360133,6.425667739672168
732.6844866666667,26.619941670192993,6.5505308086781096
733.6844866666667,26.79627336868443,6.676858299588132
734.6844866666667,26.972026162043456,6.804556069282425
735.6844866666667,27.14710358099005,6.933579549730798
736.6844866666667,27.3214440202639,7.063900808955365
737.6844866666667,27.495001863042127,7.1954992331653
738.6844866666667,27.667740089106694,7.3283579036430995
739.6844866666667,27.83962442517305,7.462460517342521
740.6844866666667,28.01063357462924,7.597797536020925
741.6844866666667,28.180734124702663,7.73435165392589
742.6844866666667,28.349903986628746,7.8721115415979845
743.6844866666667,28.51811996084075,8.011064635855893
744.6844866666667,28.685359879335913,8.151198421657497
745.6844866666667,28.8516024225322,8.292500348202356
746.6844866666667,29.016826990479075,8.43495777113964
747.6844866666667,29.18101360976021,8.578557911773265
748.6844866666667,29.344142865258192,8.72328782814228
749.6844866666667,29.506195849664127,8.869134394631828
750.6844866666667,29.667154120552667,9.016084284253244
751.6844866666667,29.826998664651136,9.164123265668184
752.6844866666667,29.985714969621803,9.313239701753059
753.6844866666667,30.143282784663064,9.463417510691919
754.6844866666667,30.299686339763735,9.614643205986692
755.6844866666667,30.45490922287856,9.766902376031402
756.6844866666667,30.608935390213695,9.920180385882952
757.6844866666667,30.761749161958576,10.074462379675829
758.6844866666667,30.913335218065885,10.229733283031951
759.6844866666667,31.06367859490274,10.3859778059474
760.6844866666667,31.212764683002458,10.543180446378537
761.6844866666667,31.360579225479384,10.701325494259144
762.6844866666667,31.507108317068795,10.86039703596191
763.6844866666667,31.652338403585816,11.020378959083102
764.6844866666667,31.796256281781364,11.181254957561926
765.6844866666667,31.938849099488568,11.34300853707781
766.6844866666667,32.08010435573378,11.50562302047959
767.6844866666667,32.22000990169468,11.669081553981584
768.6844866666667,32.358553939666315,11.83336711178477
769.6844866666667,32.49572506922515,11.998462540668285
770.6844866666667,32.631512279894324,12.164350575034618
771.6844866666667,32.765904360263185,12.331013266776445
772.6844866666667,32.89889147691781,12.498433477177757
773.6844866666667,33.03046342189144,12.666593252127937
774.6844866666667,33.16061052162419,12.835474669841958
775.6844866666667,33.28932346713824,13.00505968993067
776.6844866666667,33.41659330640251,13.175330153065602
777.6844866666667,33.542411445230144,13.346267788344608
778.6844866666667,33.666769647973595,13.5178542206447
779.6844866666667,33.78966003747354,13.690070977423343
780.6844866666667,33.91107509522169,13.862899495855661
781.6844866666667,34.031007661305246,14.036321129903758
782.6844866666667,34.14936166881022,14.21022730926234
783.6844866666667,34.26626804922681,14.384735861902993
784.6844866666667,34.3793757931068,14.557409888991536
785.6844866666667,34.49229944201193,14.731924024897381
786.6844866666667,34.604009758926054,14.907226939073972
787.6844866666667,34.71435936850301,15.083158549637108
788.6844866666667,34.82328961795152,15.259647229434925
789.6844866666667,34.930768332639104,15.43664722961803
790.6844866666667,35.03677474572932,15.614123639898358
791.6844866666667,35.14129408194272,15.792047023773325
792.6844866666667,35.24431515497238,15.970391058723658
793.6844866666667,35.34582914714243,16.149131349539992
794.6844866666667,35.445828927208,16.328244773120517
795.6844866666667,35.54430863970833,16.507709090060374
796.6844866666667,35.641263446962334,16.687502706281506
797.6844866666667,35.73668934246484,16.867604500487868
798.6844866666667,35.83042075205895,17.047793704247255
799.6844866666667,35.922941885815995,17.228649960966717
800.6844866666667,36.013763950080175,17.409553198720985
801.6844866666667,36.10304750200236,17.5906832754997
802.6844866666667,36.190791545351075,17.77202052589491
803.6844866666667,36.27699547368392,17.95354538092741
804.6844866666667,36.36165911193844,18.135238436394587
805.6844866666667,36.444782696799265,18.317080444240563
806.6844866666667,36.526366859966956,18.499052306586496
807.6844866666667,36.60641261390821,18.681135072113193
808.6844866666667,36.68492133905858,18.86330993361203
809.6844866666667,36.76189477282792,19.045558227343687
810.6844866666667,36.8373349994517,19.227861433027325
811.6844866666667,36.91124444086236,19.410201174797937
812.6844866666667,36.98362584817116,19.592559222639597
813.6844866666667,37.05367839559263,19.773717814432178
814.6844866666667,37.12240977755289,19.955129946560888
815.6844866666667,37.1898505137416,20.1368302016269
816.6844866666667,37.25587394151281,20.318611409421543
817.6844866666667,37.32044666340707,20.500402430472977
818.6844866666667,37.38355569007405,20.68216137626571
819.6844866666667,37.44519585026223,20.863857310802295
820.6844866666667,37.5053658367529,21.045464551373712
821.6844866666667,37.56406658226987,21.22696035023014
822.6844866666667,37.62130047411813,21.40832378695005
823.6844866666667,37.67707092908209,21.58953517813857
824.6844866666667,37.7313821431397,21.77057573683193
825.6844866666667,37.78423893400945,21.951427363777093
826.6844866666667,37.835646636552795,22.132072513362218
827.6844866666667,37.885444748862824,22.312194234244956
828.6844866666667,37.93367862565675,22.491834821588327
829.6844866666667,37.98062236287433,22.67146409261379
830.6844866666667,38.02618603467656,22.850894703678076
831.6844866666667,38.07035795084011,23.030078323412045
832.6844866666667,38.11313755103829,23.20898597739035
833.6844866666667,38.15452816814902,23.38759528263494
834.6844866666667,38.19453501317294,23.565886930742522
835.6844866666667,38.2331643946281,23.743843344098103
836.6844866666667,38.2704233524335,23.921448057310453
837.6844866666667,38.30631946215611,24.098685394796025
838.6844866666667,38.34086071988088,24.275540287634545
839.6844866666667,38.37405546847231,24.451998161150257
840.6844866666667,38.40591234817696,24.628044864130132
841.6844866666667,38.43644025891984,24.803666616458358
842.6844866666667,38.465648330712945,24.978849968483978
843.6844866666667,38.49168139656158,25.149323400627225
844.6844866666667,38.52014263222091,25.32784949851284
845.6844866666667,38.54544806203673,25.501640154064543
846.6844866666667,38.5694722124689,25.674941789340096
847.6844866666667,38.59222510864596,25.847742348557663
848.6844866666667,38.613716957779495,26.020030118312075
849.6844866666667,38.63395810622656,26.19179364176511
850.6844866666667,38.65295903239709,26.36302171713622
851.6844866666667,38.67073033872985,26.53370339338623
852.6844866666667,38.68728274486089,26.703827968298075
853.6844866666667,38.70262708085652,26.873384986229052
854.6844866666667,38.71677428045233,27.04236423535092
855.6844866666667,38.72973537487938,27.210755745945654
856.6844866666667,38.741521486812765,27.378549788589943
857.6844866666667,38.75214382449542,27.545736872383266
858.6844866666667,38.76161367610075,27.712307743426223
859.6844866666667,38.76994240420691,27.878253383213455
860.6844866666667,38.77714144045359,28.043565007163288
861.6844866666667,38.78322228031881,28.208234063117697
862.6844866666667,38.78819647802692,28.37225222985957
863.6844866666667,38.79207564158734,28.535611415658877
864.6844866666667,38.79487142793253,28.698303756762936
865.6844866666667,38.79659553817377,28.86032161589377
866.6844866666667,38.79725971296233,29.02165758072671
867.6844866666667,38.79687572794627,29.182304462322254
868.6844866666667,38.79545538933141,29.342255293548643
869.6844866666667,38.793010529533554,29.501503327455744
870.6844866666667,38.78955300292657,29.66004203562457
871.6844866666667,38.785094681681066,29.8178651064759
872.6844866666667,38.77964745169379,29.974966443547093
873.6844866666667,38.773223208604364,30.131340163727
874.6844866666667,38.76583385390102,30.28698059546128
875.6844866666667,38.75749129111103,30.4418822769156
876.6844866666667,38.7482074220778,30.596039954107937
877.6844866666667,38.737994143320904,30.74944857900387
878.6844866666667,38.72686334248103,30.90210330757875
879.6844866666667,38.71482689484652,31.053999497848213
880.6844866666667,38.7018966599627,31.205132707866476
881.6844866666667,38.688084478321855,31.355498693694432
882.6844866666667,38.67340216813438,31.505093407339153
883.6844866666667,38.65786152217864,31.653912994668655
884.6844866666667,38.64147430473233,31.80195379329533
885.6844866666667,38.624252248579204,31.949212330441153
886.6844866666667,38.606207052095826,32.09568532077792
887.6844866666667,38.58735037641479,32.24136966424433
888.6844866666667,38.56769384266405,32.386262443848196
889.6844866666667,38.54724902928224,32.53036092344708
890.6844866666667,38.52602746940819,32.673662545513785
891.6844866666667,38.504040648346006,32.81616492889204
892.6844866666667,38.481300001101076,32.95786586652909
893.6844866666667,38.45781690999134,33.09876332320913
894.6844866666667,38.43360270232764,33.23885543326688
895.6844866666667,38.40866864816745,33.37814049830331
896.6844866666667,38.38302595813617,33.51661698488469
897.6844866666667,38.35668578131965,33.654283522248484
898.6844866666667,38.32965920322273,33.791138899992745
899.6844866666667,38.301957243796515,33.927182065772655
900.6844866666667,38.27359085553232,34.06241212300358
901.6844866666667,38.244570921619584,34.19682832855139
902.6844866666667,38.21490825416785,34.330430090426496
903.6844866666667,38.18461359249444,34.46321696550048
904.6844866666667,38.15369760147316,34.59518865722067
905.6844866666667,38.122162297811194,34.726253268032465
906.6844866666667,38.09003139606726,34.85654515172781
907.6844866666667,38.057312352395655,34.98603614309476
908.6844866666667,38.02401472140195,35.11471900646094
909.6844866666667,37.990148486137514,35.24259159261029
910.6844866666667,37.955723685897084,35.36965319230816
911.6844866666667,37.920750333185396,35.49590375026186
912.6844866666667,37.885238384171885,35.62134359740319
913.6844866666667,37.84919772513513,35.74597333475273
914.6844866666667,37.81263816511055,35.869793774847146
915.6844866666667,37.775569431385996,35.99280590916824
916.6844866666667,37.738001166377536,36.11501088694203
917.6844866666667,37.699942925843565,36.236410013051724
918.6844866666667,37.66140417462792,36.357004670193426
919.6844866666667,37.62239426423697,36.47679541683047
920.6844866666667,37.58292126446568,36.59574050578319
921.6844866666667,37.54299816739501,36.713978362946406
922.6844866666667,37.50263022236638,36.83137228805459
923.6844866666667,37.46182771939744,36.94797070212731
924.6844866666667,37.420599569096126,37.0637758188033
925.6844866666667,37.378954584006344,37.1787899018603
926.6844866666667,37.336901479599604,37.2930152982989
927.6844866666667,37.29444887405757,37.406454461134715
928.6844866666667,37.25160528765375,37.519109942290235
929.6844866666667,37.20837914224741,37.63098438997648
930.6844866666667,37.164778760792245,37.74208054853004
931.6844866666667,37.12081236689701,37.85240125524537
932.6844866666667,37.07648808440283,37.9619494393333
933.6844866666667,37.03181393700509,38.07072811978117
934.6844866666667,36.98679784789558,38.178740403883836
935.6844866666667,36.941447639434735,38.28598948560433
936.6844866666667,36.89577103284739,38.39247864406734
937.6844866666667,36.84977564794193,38.498211242087066
938.6844866666667,36.80346900285008,38.60319072476726
939.6844866666667,36.75685851378656,38.70742061814358
940.6844866666667,36.709951494824494,38.810904527930454
941.6844866666667,36.66275515768815,38.913646138275205
942.6844866666667,36.615276611558315,39.01564921061316
943.6844866666667,36.567522862889994,39.116917582563666
944.6844866666667,36.519500815240505,39.217455166898624
945.6844866666667,36.4712172691054,39.31726595057334
946.6844866666667,36.42267892176102,39.41635399382664
947.6844866666667,36.373892367112006,39.51472342933938
948.6844866666667,36.32486409554047,39.612378461478414
949.6844866666667,36.27560049375608,39.709323365602955
950.6844866666667,36.22610784464473,39.805562487445535
951.6844866666667,36.176392327113135,39.90110024257553
952.6844866666667,36.126460015927755,39.99594111593555
953.6844866666667,36.07632117335007,40.09004905312333
954.6844866666667,36.02598177990988,40.183431799558555
955.6844866666667,35.97543974613463,40.2761671155135
956.6844866666667,35.924703267875444,40.36823461110533
957.6844866666667,35.8737783397831,40.459634461783054
958.6844866666667,35.822670581018635,40.55036964463461
959.6844866666667,35.77138541876356,40.64044410454918
960.6844866666667,35.719928137120164,40.72986225356511
961.6844866666667,35.66830389509001,40.81862878117123
962.6844866666667,35.61651773441659,40.90674856789835
963.6844866666667,35.564574583342406,40.99422664100143
964.6844866666667,35.51247925846382,41.081068149837556
965.6844866666667,35.4602364655981,41.167278351444445
966.6844866666667,35.407850800083175,41.25286260185821
967.6844866666667,35.35532674672299,41.3378263508743
968.6844866666667,35.30266867948895,41.42217513901454
969.6844866666667,35.24988086103846,41.505914595981594
970.6844866666667,35.19696744208367,41.589050440181765
971.6844866666667,35.143932460628854,41.67158847904992
972.6844866666667,35.09077984108393,41.7535346100156
973.6844866666667,35.0375133932569,41.83489482201223
974.6844866666667,34.98413681122366,41.91567519745645
975.6844866666667,34.930653672069894,41.99588191467369
976.6844866666667,34.87706743449916,42.075521250735555
977.6844866666667,34.82338387304701,42.15458691297607
978.6844866666667,34.76962143156888,42.23300824883636
979.6844866666667,34.71575483516558,42.3109389825825
980.6844866666667,34.6617956724036,42.38834033135845
981.6844866666667,34.60774778697746,42.465213655826815
982.6844866666667,34.55361427496414,42.541563750724706
983.6844866666667,34.49939790939794,42.61739657564371
984.6844866666667,34.445101246510866,42.69271867446387
985.6844866666667,34.39072666243898,42.76753696587998
986.6844866666667,34.33627636749172,42.841858653880216
987.6844866666667,34.28175241131995,42.91569118656446
988.6844866666667,34.22715668371179,42.989042237672415
989.6844866666667,34.172490912962665,43.06191970014258
990.6844866666667,34.117756662693374,43.134331686791
991.6844866666667,34.06297557568449,43.20620217578835
992.6844866666667,34.00812131577691,43.27765645626198
993.6844866666667,33.953198413828,43.34868787237089
994.6844866666667,33.89820985273748,43.41929630154684
995.6844866666667,33.84315695059892,43.48948818381435
996.6844866666667,33.78804046900519,43.559271779200806
997.6844866666667,33.73286082066059,43.62865625459109
998.6844866666667,33.67761812924945,43.6976514010768
999.6844866666667,33.62233355372391,43.76618765233405
1000.6844866666667,33.56697531214008,43.83439489094441
1001.6844866666667,33.51154965065565,43.902257579654616
1002.6844866666667,33.456057202200576,43.96978121127099
1003.6844866666667,33.400505778592226,44.036945377155554
1004.6844866666667,33.34488862818705,44.103782026475784
1005.6844866666667,33.28919603324561,44.17033198155112
1006.6844866666667,33.23343737232571,44.23656833368545
1007.6844866666667,33.17759732255368,44.30254963182719
1008.6844866666667,33.12167706117911,44.36827617055743
1009.6844866666667,33.06567356014254,44.43376225928441
1010.6844866666667,33.00958295073332,44.499024358519385
1011.6844866666667,32.95340068814477,44.564080426491465
1012.6844866666667,32.8971215566686,44.62894982162833
1013.6844866666667,32.84073963083999,44.693653351359686
1014.6844866666667,32.784248214376966,44.75821338735818
1015.6844866666667,32.72763976216058,44.82265402582982
1016.6844866666667,32.67090578567889,44.88700128810769
1017.6844866666667,32.614036740282415,44.951283363487285
1018.6844866666667,32.557021891273315,45.0155309000399
1019.6844866666667,32.49984915459417,45.079777352349545
1020.6844866666667,32.44250490653408,45.14405939830009
1021.6844866666667,32.38497375509674,45.208417441135396
1022.6844866666667,32.32723826340852,45.272896218131784
1023.6844866666667,32.26927861245271,45.337545544191435
1024.6844866666665,32.21107218617428,45.40242122819362
1025.6844866666665,32.15259305601602,45.4675862134055
1026.6844866666665,32.093811333494514,45.5331120122277
1027.6844866666665,32.03469234704416,45.599080533437316
1028.6844866666665,31.975195581092297,45.6655864412016
1029.6844866666665,31.915273287601018,45.73274024765565
1030.6844866666665,31.854868637208888,45.80067243809796
1031.6844866666665,31.793913208242643,45.86953908341469
1032.6844866666665,31.732323498111572,45.93952965159569
1033.6844866666665,31.669995946711925,46.01087817137942
1034.6844866666665,31.60679961276189,46.08387969132237
1035.6844866666665,31.54256498740442,46.15891546718693
1036.6844866666665,31.4770661148019,46.23649329634112
1037.6844866666665,31.409990351342078,46.3173158711152
1038.6844866666665,31.340883356125197,46.40240536356017
1039.6844866666665,31.269038777674695,46.49335376837227
1040.6844866666665,31.193244132615256,46.59290080748812
1041.6844866666665,31.111053319133536,46.70659195938076
1042.6844866666665,31.015630812434797,46.849988423988606
1043.6844866666665,30.752582705212347,47.06805585907986
1044.6844866666665,30.530877837062157,47.0124025295121
1045.6844866666665,30.383395940281066,46.9882108466924
1046.6844866666665,30.258893310494116,46.97331470315156
1047.6844866666665,30.147093673575096,46.96327978618314
1048.6844866666665,30.043718848612464,46.956292593920985
1049.6844866666665,29.94650153765302,46.951390603574815
1050.6844866666665,29.854065025348376,46.947995386795526
1051.6844866666665,29.765499798148888,46.94572558735646
1052.6844866666665,29.680162100827413,46.94432358131536
1053.6844866666665,29.597585021336155,46.94359158240792
1054.6844866666665,29.517409404146342,46.94338729509454
1055.6844866666665,29.439355169837444,46.94359933902675
1056.6844866666665,29.363198206017618,46.94413980537856
1057.6844866666665,29.28875576474914,46.94493808518165
1058.6844866666665,29.21587643371794,46.94593662018279
1059.6844866666665,29.14443303860708,46.94708789858123
1060.6844866666665,29.07431747344625,46.94835230628282
1061.6844866666665,29.005431656114858,46.9497042836083
1062.6844866666665,28.93771222873888,46.9510901129144
1063.6844866666665,28.87106919454332,46.952514806642974
1064.6844866666665,28.80544972418294,46.953944177318846
1065.6844866666665,28.740797724973696,46.95536210889982
1066.6844866666665,28.677064276862467,46.956753076651054
1067.6844866666665,28.61420553563849,46.95810355072298
1068.6844866666665,28.552182002786026,46.959401726228606
1069.6844866666665,28.49095799982608,46.960637113393155
1070.6844866666665,28.430504998109438,46.961792113688105
1071.6844866666665,28.370841120495825,46.96275553767542
1072.6844866666665,28.311771238602,46.96388306457631
1073.6844866666665,28.25344686504691,46.964787564060806
1074.6844866666665,28.19578455040879,46.96559405856098
1075.6844866666665,28.13876312842783,46.96629752943412
1076.6844866666665,28.08236286344392,46.966893779480046
1077.6844866666665,28.02656539975761,46.96737913392086
1078.6844866666665,27.97135363288979,46.96775036071523
1079.6844866666665,27.916711580385428,46.9680046367246
1080.6844866666665,27.862624276191617,46.968139501846316
1081.6844866666665,27.809077676438196,46.96815282143193
1082.6844866666665,27.75605857510558,46.96804275537036
1083.6844866666665,27.703554531063414,46.96780772725758
1084.6844866666665,27.65155380222417,46.96744639896817
1085.6844866666665,27.600045286849575,46.96695764807623
1086.6844866666665,27.549018471087464,46.96634054758156
1087.6844866666665,27.49846338233774,46.96559434717237
1088.6844866666665,27.448370546821536,46.96471845730089
1089.6844866666665,27.3987309514087,46.96371243458482
1090.6844866666665,27.34953600963358,46.962575968263636
1091.6844866666665,27.300777530111695,46.96130886882216
1092.6844866666665,27.252447688560817,46.95991105697489
1093.6844866666665,27.204539002098105,46.95838255399846
1094.6844866666665,27.157044305754997,46.956723473049166
1095.6844866666665,27.109956731284797,46.954934010999345
1096.6844866666665,27.06326968732706,46.95301444151737
1097.6844866666665,27.01697684181655,46.95096510812384
1098.6844866666665,26.971072105703655,46.94878641803966
1099.6844866666665,26.92554961729069,46.946478837283586
1100.6844866666665,26.88040372888376,46.94404288507031
1101.6844866666665,26.835628994166022,46.94147912901895
1102.6844866666665,26.791220155144742,46.938788182210935
1103.6844866666665,26.747172133300246,46.93597069716038
1104.6844866666665,26.70348001705403,46.933027364735196
1105.6844866666665,26.660139054943443,46.9299589082748
1106.6844866666665,26.617144644589544,46.926766082940546
1107.6844866666665,26.574492326839,46.92344967068939
1108.6844866666665,26.532177775469872,46.920010480479284
1109.6844866666665,26.49019679469751,46.91644934142693
1110.6844866666665,26.448545305444366,46.912767107721635
1111.6844866666665,26.407219348611513,46.90896464740367
1112.6844866666665,26.366215068742072,46.905042850871766
1113.6844866666665,26.325528721460856,46.90100261679481
1114.6844866666665,26.285156655577595,46.89684486296305
1115.6844866666665,26.245095315796842,46.89257051766964
1116.6844866666665,26.205341237819034,46.88818051886049
1117.6844866666665,26.165891031539765,46.88367582467433
1118.6844866666665,26.126741422344153,46.87905737022047
1119.6844866666665,26.087889196403637,46.8743261143057
1120.6844866666665,26.049331165898675,46.86948306645048
1121.6844866666665,26.01106424036564,46.86452921698864
1122.6844866666665,25.97308549330156,46.85946547422091
1123.6844866666665,25.935391494781484,46.854293260270865
1124.6844866666665,25.89798173091491,46.849011450957434
1125.6844866666665,25.86080748266826,46.843661531228236
1126.6844866666665,25.820318587527144,46.84135795143725
1127.6844866666665,25.78741389395816,46.832532729939935
1128.6844866666665,25.75110235544356,46.82683230381116
1129.6844866666665,25.715063570217136,46.82102551668768
1130.6844866666665,25.679289340505314,46.81511825220093
1131.6844866666665,25.643778887018243,46.80911000490162
1132.6844866666665,25.60852983135477,46.803001696282166
1133.6844866666665,25.57353964922072,46.796794407302215
1134.6844866666665,25.538806049760744,46.790489054492014
1135.6844866666665,25.504326727690188,46.7840865992281
1136.6844866666665,25.470099380107747,46.77758803093308
1137.6844866666665,25.436121769995747,46.77099431254504
1138.6844866666665,25.402391697336977,46.764306403448614
1139.6844866666665,25.36890699635205,46.757525260451196
1140.6844866666665,25.335665535914757,46.75065183621385
1141.6844866666665,25.302665217507197,46.7436870797659
1142.6844866666665,25.269903978888266,46.7366319324883
1143.6844866666665,25.23737978429762,46.72948733497399
1144.6844866666665,25.20509063454375,46.722254217997076
1145.6844866666665,25.173034557832345,46.71493350895269
1146.6844866666665,25.141209612261456,46.70752612901
1147.6844866666665,25.109613883917525,46.700032993812805
1148.6844866666665,25.07824548666461,46.692455012884935
1149.6844866666665,25.047102561047762,46.68479308976854
1150.6844866666665,25.016183273251404,46.67704812214713
1151.6844866666665,24.9854858158456,46.66922100063605
1152.6844866666665,24.9550084047767,46.66131261047826
1153.6844866666665,24.92474928077084,46.65332382989528
1154.6844866666665,24.894706707474,46.645255530955865
1155.6844866666665,24.864878971610203,46.63710857894043
1156.6844866666665,24.83526438168501,46.62888383282436
1157.6844866666665,24.805861268231364,46.62058214463251
1158.6844866666665,24.776667982521523,46.61220435995759
1159.6844866666665,24.747682896447316,46.60375131763099
1160.6844866666665,24.718904402060964,46.59522384966844
1161.6844866666665,24.690330910903693,46.586622781387184
1162.6844866666665,24.66196085362384,46.57794893133017
1163.6844866666665,24.633792679631394,46.569203111181295
1164.6844866666665,24.605824856539865,46.56038612585
1165.6844866666665,24.578055869785146,46.55149877344299
1166.6844866666665,24.55048422232417,46.54254184519439
1167.6844866666665,24.523108434121475,46.53351612555955
1168.6844866666665,24.495927041852667,46.52442239216787
1169.6844866666665,24.46893859854385,46.5152614158336
1170.6844866666665,24.442141673208745,46.50603396057929
1171.6844866666665,24.415534850541246,46.49674078363151
1172.6844866666665,24.389116730590487,46.48738263543973
1173.6844866666665,24.362885928423182,46.47796025971265
1174.6844866666665,24.33684107386164,46.46847439341282
1175.6844866666665,24.31098081117318,46.4589257667927
1176.6844866666665,24.28530379880401,46.44931510340956
1177.6844866666665,24.25980870906076,46.43964312018258
1178.6844866666665,24.234494227942953,46.42991052735724
1179.6844866666665,24.209359054802032,46.42011802859223
1180.6844866666665,24.18440190210802,46.41026632098168
1181.6844866666665,24.159621495263465,46.40035609505221
1182.6844866666665,24.13501657230239,46.39038803484229
1183.6844866666665,24.11058588372324,46.38036281789955
1184.6844866666665,24.086328192234504,46.37028111534039
1185.6844866666665,24.06224227256574,46.360143591872465
1186.6844866666665,24.03832691123756,46.349950905848644
1187.6844866666665,24.014580906384467,46.33970370929157
1188.6844866666665,23.991003067558548,46.32940264793555
1189.6844866666665,23.967592215531862,46.31904836127274
1190.6844866666665,23.94434718212034,46.30864148259053
1191.6844866666665,23.921266810001583,46.298182639015934
1192.6844866666665,23.898349952544535,46.28767245155685
1193.6844866666665,23.875595473647465,46.27711153514115
1194.6844866666665,23.85300224756334,46.26650049866718
1195.6844866666665,23.830569158749213,46.255839945042496
1196.6844866666665,23.808295101701674,46.24513047123388
1197.6844866666665,23.786178980821717,46.23437266830281
1198.6844866666665,23.764219710254682,46.223567121458494
1199.6844866666665,23.742416213743887,46.21271441010458
1200.6844866666665,23.720767424508495,46.20181510787493
1201.6844866666665,23.699272285090252,46.19086978268916
1202.6844866666665,23.677929747225242,46.179878996796425
1203.6844866666665,23.656738771724477,46.168843306815205
1204.6844866666665,23.63569832833312,46.157763263788276
1205.6844866666665,23.614807395613308,46.14663941322567
1206.6844866666665,23.594064960827737,46.1354722951484
1207.6844866666665,23.57347001981687,46.12426244413841
1208.6844866666665,23.55302157688462,46.113010389384534
1209.6844866666665,23.532718644688963,46.101716654727404
1210.6844866666665,23.512560244130608,46.09038175870708
1211.6844866666665,23.492545404245245,46.079006214609656
1212.6844866666665,23.472673162101604,46.067590530512405
1213.6844866666665,23.452942562696013,46.056135209331146
1214.6844866666665,23.433352658854005,46.044640748866115
1215.6844866666665,23.41390251113299,46.03310764184714
1216.6844866666665,23.39459118772354,46.02153637598158
1217.6844866666665,23.37541776435906,46.0099274339978
1218.6844866666665,23.356381324223808,45.998281293691214
1219.6844866666665,23.337480957856993,45.98659842797271
1220.6844866666665,23.318715763073858,45.97487930490905
1221.6844866666665,23.300084844875144,45.96312438777039
1222.6844866666665,23.281587315358582,45.951334135077126
1223.6844866666665,23.263222293643707,45.9395090006405
1224.6844866666665,23.244988905784815,45.92764943361036
1225.6844866666665,23.226886284694732,45.91575587851705
1226.6844866666665,23.20891357006405,45.90382877531757
1227.6844866666665,23.19106990828805,45.891868559436745
1228.6844866666665,23.17335445238734,45.87987566181357
1229.6844866666665,23.155766361938948,45.8678505089413
1230.6844866666665,23.1383048029991,45.85579352291363
1231.6844866666665,23.120968948037067,45.84370512146434
1232.6844866666665,23.103757975860525,45.831585718012576
1233.6844866666665,23.08667107155163,45.81943572170255
1234.6844866666665,23.06970742639735,45.80725553744664
1235.6844866666665,23.05286623782415,45.795045565966674
1236.6844866666665,23.036146709332822,45.7828062038355
1237.6844866666665,23.01954805043563,45.77053784351706
1238.6844866666665,23.0030694765918,45.75824087340864
1239.6844866666665,22.98671020914778,45.74591567787989
1240.6844866666665,22.970469475277078,45.73356263731293
1241.6844866666665,22.954346507918604,45.721182128143134
1242.6844866666665,22.938340545720003,45.70877452289777
1243.6844866666665,22.922450832979557,45.696340190235254
1244.6844866666665,22.90667661958892,45.68387949498465
1245.6844866666665,22.891017160978578,45.67139279818308
1246.6844866666665,22.875471718062474,45.65888045711486
1247.6844866666665,22.860039557183732,45.646342825349194
1248.6844866666665,22.84471995006184,45.63378025277769
1249.6844866666665,22.829512173740184,45.62119308565187
1250.6844866666665,22.8144155105352,45.60858166661958
1251.6844866666665,22.799429247985024,45.59594633476232
1252.6844866666665,22.78455267879989,45.58328742563106
1253.6844866666665,22.769785100812342,45.570605271282815
1254.6844866666665,22.755125816929535,45.557900200315984
1255.6844866666665,22.740574135085367,45.54517253790563
1256.6844866666665,22.72612936819302,45.53242260583895
1257.6844866666665,22.711790834098565,45.51965072255004
1258.6844866666665,22.697557855535976,45.50685720315384
1259.6844866666665,22.68342976008169,45.49404235948069
1260.6844866666665,22.66940588010923,45.481206500110446
1261.6844866666665,22.655485552747233,45.46834993040544
1262.6844866666665,22.64166811983477,45.45547295254383
1263.6844866666665,22.627952927879416,45.44257586555287
1264.6844866666665,22.61433932801492,45.42965896534125
1265.6844866666665,22.600826675960036,45.41672254473116
1266.6844866666665,22.58741433197751,45.4037668934909
1267.6844866666665,22.57410166083333,45.39079229836598
1268.6844866666665,22.560888031757486,45.37779904311096
1269.6844866666665,22.547772818404727,45.36478740852
1270.6844866666665,22.53475539881474,45.35175767245852
1271.6844866666665,22.521835155375143,45.33871010989262
1272.6844866666665,22.509011474782824,45.325644992920296
1273.6844866666665,22.4962837480073,45.31256259080038
1274.6844866666665,22.483651370252666,45.2994631699833
1275.6844866666665,22.471113740922608,45.28634699413935
1276.6844866666665,22.45867026358382,45.27321432418816
1277.6844866666665,22.44632034593004,45.2600654183277
1278.6844866666665,22.434063399747913,45.24690053206221
1279.6844866666665,22.421898840881607,45.23371991823091
1280.6844866666665,22.409826089198962,45.22052382703554
1281.6844866666665,22.397844568557495,45.20731250606814
1282.6844866666665,22.385953706770888,45.194086200338475
1283.6844866666665,22.374152935576564,45.180845152300876
1284.6844866666665,22.362441690602097,45.16758960188143
1285.6844866666665,22.350819411333916,45.15431978650392
1286.6844866666665,22.339285541084518,45.14103594111684
1287.6844866666665,22.3278395269618,45.12773829821872
1288.6844866666665,22.31648081983721,45.114427087884344
1289.6844866666665,22.305208874315532,45.10110253778985
1290.6844866666665,22.294023148703932,45.08776487323823
1291.6844866666665,22.282923104981958,45.07441431718432
1292.6844866666665,22.27190820877228,45.06105109025899
1293.6844866666665,22.26097792931027,45.04767541079433
1294.6844866666665,22.250131739415835,45.03428749484732
1295.6844866666665,22.23936911546406,45.0208875562239
1296.6844866666665,22.22868953735662,45.007475806502725
1297.6844866666665,22.218092488494285,44.99405245505858
1298.6844866666665,22.207577455748158,44.98061770908577
1299.6844866666665,22.197143929432706,44.96717177362072
1300.6844866666665,22.18679140327818,44.95371485156496
1301.6844866666665,22.17651937440373,44.94024714370761
1302.6844866666665,22.166327343290657,44.92676884874754
1303.6844866666665,22.15621481375598,44.91328016331551
1304.6844866666665,22.146181292926205,44.89978128199588
1305.6844866666665,22.136226291211468,44.88627239734816
1306.6844866666665,22.126349322280024,44.87275369992847
1307.6844866666665,22.116549903032638,44.85922537831042
1308.6844866666665,22.106827553577578,44.8456876191065
1309.6844866666665,22.09718179720602,44.83214060698816
1310.6844866666665,22.08761216036689,44.81858452470646
1311.6844866666665,22.078118172643137,44.805019553112686
1312.6844866666665,22.06869936672718,44.79144587117772
1313.6844866666665,22.05935527839699,44.77786365601249
1314.6844866666665,22.050085446492986,44.764273082887115
1315.6844866666665,22.040889412894018,44.75067432525053
1316.6844866666665,22.031766722494517,44.73706755474969
1317.6844866666665,22.02271692318139,44.72345294124843
1318.6844866666665,22.01373956581149,44.70983065284637
1319.6844866666665,22.00483420418897,44.69620085589739
1320.6844866666665,21.996000395042998,44.68256371502808
1321.6844866666665,21.987237698005597,44.668919393155974
1322.6844866666665,21.978545675590077,44.655268051507505
1323.6844866666665,21.969923893169025,44.64160984963578
1324.6844866666665,21.961371918952967,44.627944945438365
1325.6844866666665,21.952889323969426,44.614273495174295
1326.6844866666665,21.944475682041176,44.60059565348202
1327.6844866666665,21.936130569766245,44.58691157339556
1328.6844866666665,21.927853566496477,44.57322140636233
1329.6844866666665,21.91964425431757,44.559525302259075
1330.6844866666665,21.911502218028563,44.545823409408854
1331.6844866666665,21.903427045121955,44.53211587459706
1332.6844866666665,21.895418325763412,44.51840284308795
1333.6844866666665,21.88747565277255,44.50468445864014
1334.6844866666665,21.879598621602906,44.49096086352289
1335.6844866666665,21.871786830322904,44.47723219853157
1336.6844866666665,21.864039879596515,44.46349860300311
1337.6844866666665,21.85635737266419,44.44976021483137
1338.6844866666665,21.848738915324244,44.43601717048216
1339.6844866666665,21.841184115913855,44.42226960500844
1340.6844866666665,21.833692585290834,44.408517652065
1341.6844866666665,21.82626393681505,44.39476144392317
1342.6844866666665,21.81889778633042,44.38100111148543
1343.6844866666665,21.811593752146788,44.367236784299386
1344.6844866666665,21.80435145502206,44.353468590572525
1345.6844866666665,21.797170518144508,44.33969665718579
1346.6844866666665,21.790050567115337,44.32592110970767
1347.6844866666665,21.782991229930968,44.31214207240804
1348.6844866666665,21.77599213696612,44.29835966827153
1349.6844866666665,21.76905292095659,44.28457401901113
1350.6844866666665,21.7621732169822,44.27078524508143
1351.6844866666665,21.755352662450136,44.256993465691814
1352.6844866666665,21.74859089707822,44.24319879881962
1353.6844866666665,21.74188756287846,44.229401361222415
1354.6844866666665,21.735242304140467,44.21560126845178
1355.6844866666665,21.72865476741551,44.2017986348647
1356.6844866666665,21.722124601500205,44.187993573637144
1357.6844866666665,21.71565145742064,44.17418619677551
1358.6844866666665,21.70923498841649,44.160376615129536
1359.6844866666665,21.7028748499254,44.14656493840381
1360.6844866666665,21.696570699567452,44.132751275169824
1361.6844866666665,21.69032219712951,44.1189357328783
1362.6844866666665,21.684129004550197,44.10511841786991
1363.6844866666665,21.677990785904555,44.09129943538783
1364.6844866666665,21.671907207389037,44.0774788895884
1365.6844866666665,21.665877937306607,44.063656883552916
1366.6844866666665,21.659902646051947,44.04983351929846
1367.6844866666665,21.653981006096753,44.036008897789294
1368.6844866666665,21.64811269197522,44.02218311894739
1369.6844866666665,21.642297380269486,44.00835628166389
1370.6844866666665,21.636534749595505,43.99452848380904
1371.6844866666665,21.630824480588753,43.980699822243274
1372.6844866666665,21.625166255889994,43.966870392827815
1373.6844866666665,21.619559760131693,43.95304029043436
1374.6844866666665,21.6140046799239,43.93920960895598
1375.6844866666665,21.60850070384029,43.92537844131731
1376.6844866666665,21.603047522405156,43.91154687948388
1377.6844866666665,21.59764482807932,43.89771501447269
1378.6844866666665,21.592292315246876,43.883882936361964
1379.6844866666665,21.586989680202255,43.870050734300186
1380.6844866666665,21.581736621136322,43.856218496516924
1381.6844866666665,21.576532838123967,43.84238631033107
1382.6844866666665,21.571378033110697,43.82855426216116
1383.6844866666665,21.56627190990011,43.814722437533895
1384.6844866666665,21.561214174140627,43.80089092109433
1385.6844866666665,21.556204533313338,43.78705979661383
1386.6844866666665,21.551242696719143,43.773229146999924
1387.6844866666665,21.546328375466274,43.7593990543049
1388.6844866666665,21.541461282457895,43.745569599734786
1389.6844866666665,21.53664113238034,43.73174086365719
1390.6844866666665,21.531867641689914,43.71791292561166
1391.6844866666665,21.52714052860184,43.70408586431637
1392.6844866666665,21.522459513077685,43.690259757677644
1393.6844866666665,21.51782431681365,43.67643468279806
1394.6844866666665,21.513234663228644,43.66261071598463
1395.6844866666665,21.508690277452715,43.648787932756896
1396.6844866666665,21.504190886315435,43.634966407855316
1397.6844866666665,21.499736218334466,43.62114621524833
1398.6844866666665,21.495326003703518,43.6073274281421
1399.6844866666665,21.49095997428202,43.59351011898633
